{
  "results": [
    {
      "ticker": "KO",
      "description": "Mature Consumer - Coca-Cola",
      "current_price": 69.12,
      "dcf_fair_value": 59.03477015176026,
      "dcf_upside": -14.5908996646987,
      "terminal_value_pct": 65.0,
      "terminal_method": "gordon_growth",
      "analyst_growth": 0.06653642384105964,
      "growth_used": 0.06653642384105964,
      "revenue_5y_cagr": null,
      "relative_signal": "UNKNOWN",
      "relative_upside": -17.34578976952902,
      "dcf_vs_relative_conflict": false,
      "mc_probability": 2.68,
      "mc_confidence_interval": [
        48.41655122917907,
        67.32330867050828
      ],
      "mc_interval_width": 27.35352639081194,
      "warnings": [
        "High PEG ratio: 3.23 (growth priced in)"
      ]
    },
    {
      "ticker": "PG",
      "description": "Mature Consumer - Procter & Gamble",
      "current_price": 141.79,
      "dcf_fair_value": 102.27821101157595,
      "dcf_upside": -27.866414407521013,
      "terminal_value_pct": 65.00000000000001,
      "terminal_method": "gordon_growth",
      "analyst_growth": 0.0730496350364964,
      "growth_used": 0.0730496350364964,
      "revenue_5y_cagr": null,
      "relative_signal": "UNKNOWN",
      "relative_upside": -11.762985653998788,
      "dcf_vs_relative_conflict": false,
      "mc_probability": 0.0,
      "mc_confidence_interval": [
        83.3903439746066,
        116.48362988153276
      ],
      "mc_interval_width": 23.33964730018067,
      "warnings": [
        "High PEG ratio: 2.64 (growth priced in)"
      ]
    },
    {
      "ticker": "JNJ",
      "description": "Mature Healthcare - Johnson & Johnson",
      "current_price": 207.35,
      "dcf_fair_value": 212.401732951864,
      "dcf_upside": 2.4363313006337166,
      "terminal_value_pct": 65.0,
      "terminal_method": "exit_multiple",
      "analyst_growth": 0.11347342995169085,
      "growth_used": 0.11347342995169085,
      "revenue_5y_cagr": null,
      "relative_signal": "UNKNOWN",
      "relative_upside": -8.25637211466504,
      "dcf_vs_relative_conflict": false,
      "mc_probability": 37.7,
      "mc_confidence_interval": [
        166.10163991995364,
        242.4808321970592
      ],
      "mc_interval_width": 36.83587763544999,
      "warnings": []
    },
    {
      "ticker": "NVDA",
      "description": "High-growth Tech - NVIDIA",
      "current_price": 188.85,
      "dcf_fair_value": 83.79963751236458,
      "dcf_upside": -55.62635027145111,
      "terminal_value_pct": 65.0,
      "terminal_method": "exit_multiple",
      "analyst_growth": 0.872861386138614,
      "growth_used": 0.42114455445544563,
      "revenue_5y_cagr": null,
      "relative_signal": "UNKNOWN",
      "relative_upside": -50.089461971753444,
      "dcf_vs_relative_conflict": false,
      "mc_probability": 0.0,
      "mc_confidence_interval": [
        41.08018171997183,
        76.46889701393971
      ],
      "mc_interval_width": 18.73906025627105,
      "warnings": [
        "Monte Carlo too narrow: 18.7% confidence interval",
        "Very high analyst growth: 87.3%"
      ]
    },
    {
      "ticker": "NOW",
      "description": "High-growth SaaS - ServiceNow",
      "current_price": 147.45,
      "dcf_fair_value": 23.481215757449398,
      "dcf_upside": -84.07513343001057,
      "terminal_value_pct": 65.0,
      "terminal_method": "exit_multiple",
      "analyst_growth": 0.014730545454545456,
      "growth_used": 0.014730545454545456,
      "revenue_5y_cagr": null,
      "relative_signal": "UNKNOWN",
      "relative_upside": -67.61849388338203,
      "dcf_vs_relative_conflict": false,
      "mc_probability": 0.0,
      "mc_confidence_interval": [
        20.094073724632864,
        26.939902302900375
      ],
      "mc_interval_width": 4.642813549181087,
      "warnings": [
        "Monte Carlo too narrow: 4.6% confidence interval"
      ]
    },
    {
      "ticker": "PLTR",
      "description": "High-growth AI - Palantir",
      "current_price": 167.86,
      "dcf_fair_value": 8.482254998878842,
      "dcf_upside": -94.94682771423875,
      "terminal_value_pct": 65.0,
      "terminal_method": "exit_multiple",
      "analyst_growth": 0.012957727272727275,
      "growth_used": 0.012957727272727275,
      "revenue_5y_cagr": null,
      "relative_signal": "UNKNOWN",
      "relative_upside": -92.2199661833584,
      "dcf_vs_relative_conflict": false,
      "mc_probability": 0.0,
      "mc_confidence_interval": [
        7.29833964327566,
        9.707071857785003
      ],
      "mc_interval_width": 1.4349649794527244,
      "warnings": [
        "Monte Carlo too narrow: 1.4% confidence interval"
      ]
    },
    {
      "ticker": "AAPL",
      "description": "Mega-cap Tech - Apple",
      "current_price": 271.01,
      "dcf_fair_value": 132.31350650405764,
      "dcf_upside": -51.177629421771286,
      "terminal_value_pct": 65.0,
      "terminal_method": "exit_multiple",
      "analyst_growth": 0.2288697986577181,
      "growth_used": 0.2288697986577181,
      "revenue_5y_cagr": null,
      "relative_signal": "UNKNOWN",
      "relative_upside": -47.40556480516559,
      "dcf_vs_relative_conflict": false,
      "mc_probability": 0.0,
      "mc_confidence_interval": [
        91.99192099782557,
        157.24065409556735
      ],
      "mc_interval_width": 24.07613486503885,
      "warnings": []
    },
    {
      "ticker": "MSFT",
      "description": "Mega-cap Tech - Microsoft",
      "current_price": 472.94,
      "dcf_fair_value": 285.3358893935724,
      "dcf_upside": -39.667634500449864,
      "terminal_value_pct": 64.99999999999999,
      "terminal_method": "exit_multiple",
      "analyst_growth": 0.3339772241992882,
      "growth_used": 0.26978405693950175,
      "revenue_5y_cagr": null,
      "relative_signal": "UNKNOWN",
      "relative_upside": -24.832089835245295,
      "dcf_vs_relative_conflict": false,
      "mc_probability": 0.0,
      "mc_confidence_interval": [
        196.53404752979992,
        377.9899569993707
      ],
      "mc_interval_width": 38.367638488935334,
      "warnings": [
        "Very high analyst growth: 33.4%"
      ]
    },
    {
      "ticker": "GOOGL",
      "description": "Mega-cap Tech - Google",
      "current_price": 315.15,
      "dcf_fair_value": 216.62608255025094,
      "dcf_upside": -31.26254718380106,
      "terminal_value_pct": 65.0,
      "terminal_method": "exit_multiple",
      "analyst_growth": 0.10627766798418979,
      "growth_used": 0.08939436758893285,
      "revenue_5y_cagr": null,
      "relative_signal": "UNKNOWN",
      "relative_upside": -40.21274929044253,
      "dcf_vs_relative_conflict": false,
      "mc_probability": 0.0,
      "mc_confidence_interval": [
        172.04471603570138,
        239.54361834453798
      ],
      "mc_interval_width": 21.418023896188036,
      "warnings": [
        "High PEG ratio: 2.65 (growth priced in)"
      ]
    },
    {
      "ticker": "F",
      "description": "Cyclical Auto - Ford",
      "current_price": 13.34,
      "dcf_fair_value": 72.86291152701116,
      "dcf_upside": 446.1987370840417,
      "terminal_value_pct": 64.99999999999999,
      "terminal_method": "exit_multiple",
      "analyst_growth": 0.26487179487179496,
      "growth_used": 0.147948717948718,
      "revenue_5y_cagr": null,
      "relative_signal": "UNKNOWN",
      "relative_upside": 409.0251116392657,
      "dcf_vs_relative_conflict": false,
      "mc_probability": 100.0,
      "mc_confidence_interval": [
        43.883359372266376,
        94.00540768875628
      ],
      "mc_interval_width": 375.72749862436206,
      "warnings": [
        "Large blending adjustment: DCF +446.2% \u2192 Blended +409.0%",
        "Monte Carlo overconfident: 100.0% probability",
        "Extreme valuation: +446.2% upside"
      ]
    },
    {
      "ticker": "GM",
      "description": "Cyclical Auto - GM",
      "current_price": 80.98,
      "dcf_fair_value": 32.93743884053826,
      "dcf_upside": -59.32645240733729,