{
  "results": [
    {
      "ticker": "KO",
      "description": "Mature Consumer - Coca-Cola",
      "current_price": 69.12,
      "dcf_fair_value": 102.1199522943483,
      "dcf_upside": 47.74298653696222,
      "terminal_value_pct": 79.76676536867163,
      "terminal_method": "gordon_growth",
      "analyst_growth": 0.06653642384105964,
      "growth_used": 0.06653642384105964,
      "revenue_5y_cagr": null,
      "relative_signal": "UNKNOWN",
      "relative_upside": 20.054541951467517,
      "dcf_vs_relative_conflict": false,
      "mc_probability": 91.38,
      "mc_confidence_interval": [
        64.31057893292704,
        174.2040511285734
      ],
      "mc_interval_width": 158.98939843120132,
      "warnings": [
        "Terminal value dominates: 79.8% of EV",
        "High PEG ratio: 3.23 (growth priced in)"
      ]
    },
    {
      "ticker": "PG",
      "description": "Mature Consumer - Procter & Gamble",
      "current_price": 141.79,
      "dcf_fair_value": 181.29558140568327,
      "dcf_upside": 27.862036395855334,
      "terminal_value_pct": 80.25469039206854,
      "terminal_method": "gordon_growth",
      "analyst_growth": 0.0730496350364964,
      "growth_used": 0.0730496350364964,
      "revenue_5y_cagr": null,
      "relative_signal": "UNKNOWN",
      "relative_upside": 21.674084828027006,
      "dcf_vs_relative_conflict": false,
      "mc_probability": 81.06,
      "mc_confidence_interval": [
        113.99909978779209,
        311.2594050409017
      ],
      "mc_interval_width": 139.12145091551565,
      "warnings": [
        "Terminal value dominates: 80.3% of EV",
        "High PEG ratio: 2.64 (growth priced in)"
      ]
    },
    {
      "ticker": "JNJ",
      "description": "Mature Healthcare - Johnson & Johnson",
      "current_price": 207.35,
      "dcf_fair_value": 362.29934298538757,
      "dcf_upside": 74.7284026937003,
      "terminal_value_pct": 79.48088839450345,
      "terminal_method": "exit_multiple",
      "analyst_growth": 0.11347342995169085,
      "growth_used": 0.11347342995169085,
      "revenue_5y_cagr": null,
      "relative_signal": "UNKNOWN",
      "relative_upside": 35.11887072117491,
      "dcf_vs_relative_conflict": false,
      "mc_probability": 99.14,
      "mc_confidence_interval": [
        244.84747104554737,
        522.4710797542442
      ],
      "mc_interval_width": 133.89129911198305,
      "warnings": [
        "Terminal value dominates: 79.5% of EV",
        "Large blending adjustment: DCF +74.7% \u2192 Blended +35.1%",
        "Monte Carlo overconfident: 99.1% probability"
      ]
    },
    {
      "ticker": "NVDA",
      "description": "High-growth Tech - NVIDIA",
      "current_price": 188.85,
      "dcf_fair_value": 223.3933496702835,
      "dcf_upside": 18.291421588712474,
      "terminal_value_pct": 86.87074920868642,
      "terminal_method": "exit_multiple",
      "analyst_growth": 0.872861386138614,
      "growth_used": 0.42114455445544563,
      "revenue_5y_cagr": null,
      "relative_signal": "UNKNOWN",
      "relative_upside": -5.738798855655302,
      "dcf_vs_relative_conflict": false,
      "mc_probability": 100.0,
      "mc_confidence_interval": [
        633.6015768275499,
        1116.1627195557396
      ],
      "mc_interval_width": 255.52615447613962,
      "warnings": [
        "Terminal value dominates: 86.9% of EV",
        "Monte Carlo overconfident: 100.0% probability",
        "Very high analyst growth: 87.3%"
      ]
    },
    {
      "ticker": "NOW",
      "description": "High-growth SaaS - ServiceNow",
      "current_price": 147.45,
      "dcf_fair_value": 41.58571642411467,
      "dcf_upside": -71.79673352043766,
      "terminal_value_pct": 80.23738383801992,
      "terminal_method": "exit_multiple",
      "analyst_growth": 0.014730545454545456,
      "growth_used": 0.014730545454545456,
      "revenue_5y_cagr": null,
      "relative_signal": "UNKNOWN",
      "relative_upside": -60.251453937638274,
      "dcf_vs_relative_conflict": false,
      "mc_probability": 0.0,
      "mc_confidence_interval": [
        27.241150172258283,
        61.424321757711894
      ],
      "mc_interval_width": 23.182890190202514,
      "warnings": [
        "Terminal value dominates: 80.2% of EV"
      ]
    },
    {
      "ticker": "PLTR",
      "description": "High-growth AI - Palantir",
      "current_price": 167.86,
      "dcf_fair_value": 14.066471315586714,
      "dcf_upside": -91.62011717169861,
      "terminal_value_pct": 78.89457005241997,
      "terminal_method": "exit_multiple",
      "analyst_growth": 0.012957727272727275,
      "growth_used": 0.012957727272727275,
      "revenue_5y_cagr": null,
      "relative_signal": "UNKNOWN",
      "relative_upside": -90.22393985783431,
      "dcf_vs_relative_conflict": false,
      "mc_probability": 0.0,
      "mc_confidence_interval": [
        9.267013470576105,
        20.720422401042153
      ],
      "mc_interval_width": 6.823191308510693,
      "warnings": [
        "Terminal value dominates: 78.9% of EV",
        "Monte Carlo too narrow: 6.8% confidence interval"
      ]
    },
    {
      "ticker": "AAPL",
      "description": "Mega-cap Tech - Apple",
      "current_price": 271.01,
      "dcf_fair_value": 317.8199461919946,
      "dcf_upside": 17.27240551713759,
      "terminal_value_pct": 85.4289424464113,
      "terminal_method": "exit_multiple",
      "analyst_growth": 0.2288697986577181,
      "growth_used": 0.2288697986577181,
      "revenue_5y_cagr": null,
      "relative_signal": "UNKNOWN",
      "relative_upside": -6.335543841820264,
      "dcf_vs_relative_conflict": false,
      "mc_probability": 75.24,
      "mc_confidence_interval": [
        218.14755445343573,
        451.6457052321758
      ],
      "mc_interval_width": 86.1584999737058,
      "warnings": [
        "Terminal value dominates: 85.4% of EV"
      ]
    },
    {
      "ticker": "MSFT",
      "description": "Mega-cap Tech - Microsoft",
      "current_price": 472.94,
      "dcf_fair_value": 723.7490474772372,
      "dcf_upside": 53.03189569020114,
      "terminal_value_pct": 86.2013550641818,
      "terminal_method": "exit_multiple",
      "analyst_growth": 0.3339772241992882,
      "growth_used": 0.26978405693950175,
      "revenue_5y_cagr": null,
      "relative_signal": "UNKNOWN",
      "relative_upside": 30.787628279145284,
      "dcf_vs_relative_conflict": false,
      "mc_probability": 99.82,
      "mc_confidence_interval": [
        638.5132293166605,
        1279.3306197124896
      ],
      "mc_interval_width": 135.4965514432759,
      "warnings": [
        "Terminal value dominates: 86.2% of EV",
        "Monte Carlo overconfident: 99.8% probability",
        "Very high analyst growth: 33.4%"
      ]
    },
    {
      "ticker": "GOOGL",
      "description": "Mega-cap Tech - Google",
      "current_price": 315.15,
      "dcf_fair_value": 386.5481981724526,
      "dcf_upside": 22.655306416770628,
      "terminal_value_pct": 80.3855950561792,
      "terminal_method": "exit_multiple",
      "analyst_growth": 0.10627766798418979,
      "growth_used": 0.08939436758893285,
      "revenue_5y_cagr": null,
      "relative_signal": "UNKNOWN",
      "relative_upside": -7.862037130099514,
      "dcf_vs_relative_conflict": false,
      "mc_probability": 87.0,
      "mc_confidence_interval": [
        279.38096861975083,
        600.395918776369
      ],
      "mc_interval_width": 101.86100274682472,
      "warnings": [
        "Terminal value dominates: 80.4% of EV",
        "Large blending adjustment: DCF +22.7% \u2192 Blended -7.9%",
        "High PEG ratio: 2.65 (growth priced in)"
      ]
    },
    {
      "ticker": "F",
      "description": "Cyclical Auto - Ford",
      "current_price": 13.34,
      "dcf_fair_value": 99.16813003132589,
      "dcf_upside": 643.3892805946468,
      "terminal_value_pct": 74.28405776493098,
      "terminal_method": "exit_multiple",
      "analyst_growth": 0.26487179487179496,